date,buy_date,model,K,n_hold,gross_ret,net_ret,buy_cost,sell_cost,roundtrip_cost,is_trade_day,equity
2025-01-02,2024-12-31,RealGraph,5,5,0.01445825853943825,0.01325825853943825,0.0001,0.0011,0.0012000000000000001,1,1.0132582585394383
2025-01-03,2025-01-02,RealGraph,5,5,0.012862027704715728,0.011662027704715729,0.0001,0.0011,0.0012000000000000001,1,1.025074904422557
2025-01-06,2025-01-03,RealGraph,5,5,0.017124395728111266,0.015924395728111267,0.0001,0.0011,0.0012000000000000001,1,1.0413986028515376
2025-01-07,2025-01-06,RealGraph,5,5,0.022917913794517516,0.021717913794517516,0.0001,0.0011,0.0012000000000000001,1,1.0640156079339984
2025-01-08,2025-01-07,RealGraph,5,5,-0.003502325117588043,-0.004702325117588044,0.0001,0.0011,0.0012000000000000001,1,1.0590122606153047
2025-01-09,2025-01-08,RealGraph,5,5,0.000928864359855652,-0.00027113564014434816,0.0001,0.0011,0.0012000000000000001,1,1.058725124648102
2025-01-10,2025-01-09,RealGraph,5,5,0.01095227363705635,0.009752273637056351,0.0001,0.0011,0.0012000000000000001,1,1.0690501017700969
2025-01-13,2025-01-10,RealGraph,5,5,0.004332225382328034,0.003132225382328034,0.0001,0.0011,0.0012000000000000001,1,1.0723986076338414
2025-01-14,2025-01-13,RealGraph,5,5,0.013509741544723512,0.012309741544723512,0.0001,0.0011,0.0012000000000000001,1,1.0855995573267354
2025-01-15,2025-01-14,RealGraph,5,5,0.002733350276947022,0.001533350276947022,0.0001,0.0011,0.0012000000000000001,1,1.0872641617086158
2025-01-16,2025-01-15,RealGraph,5,5,0.0025270417034626005,0.0013270417034626004,0.0001,0.0011,0.0012000000000000001,1,1.0887070065938833
2025-01-17,2025-01-16,RealGraph,5,5,0.0017758184671401976,0.0005758184671401975,0.0001,0.0011,0.0012000000000000001,1,1.089333904193585
2025-01-20,2025-01-17,RealGraph,5,5,0.003525004506111145,0.002325004506111145,0.0001,0.0011,0.0012000000000000001,1,1.0918666104294947
2025-01-21,2025-01-20,RealGraph,5,5,0.0021817516684532164,0.0009817516684532163,0.0001,0.0011,0.0012000000000000001,1,1.0929385522960122
2025-01-22,2025-01-21,RealGraph,5,5,-0.0015906854569911956,-0.002790685456991196,0.0001,0.0011,0.0012000000000000001,1,1.0898885045727347
2025-01-23,2025-01-22,RealGraph,5,5,0.011692324846982956,0.010492324846982957,0.0001,0.0011,0.0012000000000000001,1,1.1013239688097043
2025-01-24,2025-01-23,RealGraph,5,5,0.008899618417024613,0.007699618417024613,0.0001,0.0011,0.0012000000000000001,1,1.109803743123062
2025-01-27,2025-01-24,RealGraph,5,5,-0.009842656612396241,-0.011042656612396241,0.0001,0.0011,0.0012000000000000001,1,1.0975485614806022
2025-02-05,2025-01-27,RealGraph,5,5,0.006749138861894606,0.005549138861894606,0.0001,0.0011,0.0012000000000000001,1,1.1036390108559309
2025-02-06,2025-02-05,RealGraph,5,5,0.009374990165233613,0.008174990165233613,0.0001,0.0011,0.0012000000000000001,1,1.1126612489156464
2025-02-07,2025-02-06,RealGraph,5,5,0.0116849547624588,0.0104849547624588,0.0001,0.0011,0.0012000000000000001,1,1.1243274517764679
2025-02-10,2025-02-07,RealGraph,5,5,0.0019892359822988514,0.0007892359822988513,0.0001,0.0011,0.0012000000000000001,1,1.1252148114572962
2025-02-11,2025-02-10,RealGraph,5,5,0.01167672711610794,0.010476727116107941,0.0001,0.0011,0.0012000000000000001,1,1.1370033799839372
2025-02-12,2025-02-11,RealGraph,5,5,-0.0024557057023048396,-0.0036557057023048397,0.0001,0.0011,0.0012000000000000001,1,1.13284683024419
2025-02-13,2025-02-12,RealGraph,5,5,0.0036870348453521733,0.002487034845352173,0.0001,0.0011,0.0012000000000000001,1,1.135664259785454
2025-02-14,2025-02-13,RealGraph,5,5,0.006248360425233841,0.005048360425233841,0.0001,0.0011,0.0012000000000000001,1,1.1413975022909073
2025-02-17,2025-02-14,RealGraph,5,5,0.03425024485588074,0.03305024485588074,0.0001,0.0011,0.0012000000000000001,1,1.1791209692195124
2025-02-18,2025-02-17,RealGraph,5,5,0.013776085034012795,0.012576085034012795,0.0001,0.0011,0.0012000000000000001,1,1.1939496947938046
2025-02-19,2025-02-18,RealGraph,5,5,0.0010053508877754208,-0.00019464911222457932,0.0001,0.0011,0.0012000000000000001,1,1.1937172935456724
2025-02-20,2025-02-19,RealGraph,5,5,0.021683614850044247,0.020483614850044247,0.0001,0.0011,0.0012000000000000001,1,1.2181689388264991
2025-02-21,2025-02-20,RealGraph,5,5,0.006155877590179443,0.004955877590179443,0.0001,0.0011,0.0012000000000000001,1,1.224206034971482
2025-02-24,2025-02-21,RealGraph,5,5,0.013796710997819903,0.012596710997819904,0.0001,0.0011,0.0012000000000000001,1,1.2396270045958049
2025-02-25,2025-02-24,RealGraph,5,5,-0.00898021999001503,-0.010180219990015029,0.0001,0.0011,0.0012000000000000001,1,1.2270073289834562
2025-02-26,2025-02-25,RealGraph,5,5,0.004903056174516677,0.0037030561745166773,0.0001,0.0011,0.0012000000000000001,1,1.2315510060492256
2025-02-27,2025-02-26,RealGraph,5,5,0.006066463112831116,0.004866463112831116,0.0001,0.0011,0.0012000000000000001,1,1.2375443035917342
2025-02-28,2025-02-27,RealGraph,5,5,0.025368561267852786,0.024168561267852787,0.0001,0.0011,0.0012000000000000001,1,1.2674539689147732
2025-03-03,2025-02-28,RealGraph,5,5,0.005768335551023483,0.0045683355510234835,0.0001,0.0011,0.0012000000000000001,1,1.2732441239402525
2025-03-04,2025-03-03,RealGraph,5,5,-0.0030990030169487,-0.0042990030169487,0.0001,0.0011,0.0012000000000000001,1,1.2677704436101211
2025-03-05,2025-03-04,RealGraph,5,5,-0.004063909858465194,-0.005263909858465194,0.0001,0.0011,0.0012000000000000001,1,1.261097014273731
2025-03-06,2025-03-05,RealGraph,5,5,0.01759675979614258,0.01639675979614258,0.0001,0.0011,0.0012000000000000001,1,1.2817749190964098
2025-03-07,2025-03-06,RealGraph,5,5,0.02075386470556259,0.01955386470556259,0.0001,0.0011,0.0012000000000000001,1,1.3068385724474045
2025-03-10,2025-03-07,RealGraph,5,5,0.011456714987754824,0.010256714987754824,0.0001,0.0011,0.0012000000000000001,1,1.320242443220002
2025-03-11,2025-03-10,RealGraph,5,5,-0.005387357234954834,-0.006587357234954834,0.0001,0.0011,0.0012000000000000001,1,1.3115455346097622
2025-03-12,2025-03-11,RealGraph,5,5,0.008915434062480927,0.007715434062480927,0.0001,0.0011,0.0012000000000000001,1,1.3216646777019851
2025-03-13,2025-03-12,RealGraph,5,5,0.021888363838195802,0.020688363838195802,0.0001,0.0011,0.0012000000000000001,1,1.3490077574263757
2025-03-14,2025-03-13,RealGraph,5,5,0.031397681653499605,0.030197681653499606,0.0001,0.0011,0.0012000000000000001,1,1.389744664233239
2025-03-17,2025-03-14,RealGraph,5,5,0.036699892282485956,0.035499892282485956,0.0001,0.0011,0.0012000000000000001,1,1.4390804501136785
2025-03-18,2025-03-17,RealGraph,5,5,0.0018824602961540222,0.0006824602961540221,0.0001,0.0011,0.0012000000000000001,1,1.4400625653838524
2025-03-19,2025-03-18,RealGraph,5,5,0.01453663229942322,0.01333663229942322,0.0001,0.0011,0.0012000000000000001,1,1.459268150306541
2025-03-20,2025-03-19,RealGraph,5,5,0.028920640408992764,0.027720640408992765,0.0001,0.0011,0.0012000000000000001,1,1.4997199979614846
2025-03-21,2025-03-20,RealGraph,5,5,0.008790707945823668,0.007590707945823668,0.0001,0.0011,0.0012000000000000001,1,1.5111039344665216
2025-03-24,2025-03-21,RealGraph,5,5,0.002433166533708572,0.001233166533708572,0.0001,0.0011,0.0012000000000000001,1,1.5129673772674612
2025-03-25,2025-03-24,RealGraph,5,5,0.011202715694904327,0.010002715694904327,0.0001,0.0011,0.0012000000000000001,1,1.5281011597979326
2025-03-26,2025-03-25,RealGraph,5,5,0.01767483413219452,0.01647483413219452,0.0001,0.0011,0.0012000000000000001,1,1.5532763729428176
2025-03-27,2025-03-26,RealGraph,5,5,0.016429862976074218,0.015229862976074218,0.0001,0.0011,0.0012000000000000001,1,1.5769325592667105
2025-03-28,2025-03-27,RealGraph,5,5,-0.0025924325883388516,-0.0037924325883388517,0.0001,0.0011,0.0012000000000000001,1,1.5709521488393348
2025-03-31,2025-03-28,RealGraph,5,5,-0.0010855261683464052,-0.0022855261683464054,0.0001,0.0011,0.0012000000000000001,1,1.5673616965939423
2025-04-01,2025-03-31,RealGraph,5,5,0.0011649601906538014,-3.503980934619873e-05,0.0001,0.0011,0.0012000000000000001,1,1.5673067765389173
2025-04-02,2025-04-01,RealGraph,5,5,-0.0012028307914733892,-0.0024028307914733893,0.0001,0.0011,0.0012000000000000001,1,1.5635408035565646
2025-04-03,2025-04-02,RealGraph,5,5,-0.006090346038341523,-0.007290346038341522,0.0001,0.0011,0.0012000000000000001,1,1.5521420500535705
2025-04-07,2025-04-03,RealGraph,5,5,-0.029620020359754563,-0.030820020359754563,0.0001,0.0011,0.0012000000000000001,1,1.5043050004696883
2025-04-08,2025-04-07,RealGraph,5,5,0.0006205486655235291,-0.000579451334476471,0.0001,0.0011,0.0012000000000000001,1,1.5034333289297066
2025-04-09,2025-04-08,RealGraph,5,5,0.005637080997228622,0.004437080997228622,0.0001,0.0011,0.0012000000000000001,1,1.510104184384101
2025-04-10,2025-04-09,RealGraph,5,5,0.006556888103485108,0.005356888103485108,0.0001,0.0011,0.0012000000000000001,1,1.5181936435244512
2025-04-11,2025-04-10,RealGraph,5,5,0.012077351480722429,0.01087735148072243,0.0001,0.0011,0.0012000000000000001,1,1.5347075694008652
2025-04-14,2025-04-11,RealGraph,5,5,0.01122100804746151,0.01002100804746151,0.0001,0.0011,0.0012000000000000001,1,1.5500868863043311
2025-04-15,2025-04-14,RealGraph,5,5,0.018194086730480195,0.016994086730480196,0.0001,0.0011,0.0012000000000000001,1,1.5764291972899667
2025-04-16,2025-04-15,RealGraph,5,5,0.010468307733535766,0.009268307733535767,0.0001,0.0011,0.0012000000000000001,1,1.591040028210581
2025-04-17,2025-04-16,RealGraph,5,5,0.0020490868389606474,0.0008490868389606472,0.0001,0.0011,0.0012000000000000001,1,1.5923909593587942
2025-04-18,2025-04-17,RealGraph,5,5,-0.007035171926021577,-0.008235171926021577,0.0001,0.0011,0.0012000000000000001,1,1.5792773460350322
2025-04-21,2025-04-18,RealGraph,5,5,-0.007522230982780455,-0.008722230982780455,0.0001,0.0011,0.0012000000000000001,1,1.5655025242370422
2025-04-22,2025-04-21,RealGraph,5,5,-0.0004599956572055811,-0.0016599956572055812,0.0001,0.0011,0.0012000000000000001,1,1.5629037968454644
2025-04-23,2025-04-22,RealGraph,5,5,0.021488964915275577,0.020288964915275577,0.0001,0.0011,0.0012000000000000001,1,1.594613497145613
2025-04-24,2025-04-23,RealGraph,5,5,0.01987527316808701,0.01867527316808701,0.0001,0.0011,0.0012000000000000001,1,1.6243933398023258
2025-04-25,2025-04-24,RealGraph,5,5,0.005344060838222504,0.004144060838222503,0.0001,0.0011,0.0012000000000000001,1,1.6311249246276702
2025-04-28,2025-04-25,RealGraph,5,5,0.004625693082809449,0.0034256930828094486,0.0001,0.0011,0.0012000000000000001,1,1.636712657999165
2025-04-29,2025-04-28,RealGraph,5,5,0.006563692927360534,0.005363692927360534,0.0001,0.0011,0.0012000000000000001,1,1.6454914821069968
2025-04-30,2025-04-29,RealGraph,5,5,0.017186366558074952,0.015986366558074953,0.0001,0.0011,0.0012000000000000001,1,1.6717969121081495
2025-05-06,2025-04-30,RealGraph,5,5,0.013562202751636504,0.012362202751636504,0.0001,0.0011,0.0012000000000000001,1,1.6924640044951904
2025-05-07,2025-05-06,RealGraph,5,5,0.01619739258289337,0.01499739258289337,0.0001,0.0011,0.0012000000000000001,1,1.7178465516030208
2025-05-08,2025-05-07,RealGraph,5,5,0.0002156563550233834,-0.0009843436449766168,0.0001,0.0011,0.0012000000000000001,1,1.7161556002669054
2025-05-09,2025-05-08,RealGraph,5,5,0.001788302443921566,0.0005883024439215659,0.0001,0.0011,0.0012000000000000001,1,1.717165218800692
2025-05-12,2025-05-09,RealGraph,5,5,0.021063884258270264,0.019863884258270265,0.0001,0.0011,0.0012000000000000001,1,1.7512747899592764
2025-05-13,2025-05-12,RealGraph,5,5,0.024916330054402348,0.023716330054402348,0.0001,0.0011,0.0012000000000000001,1,1.7928086008939048
2025-05-14,2025-05-13,RealGraph,5,5,0.014745352029800415,0.013545352029800416,0.0001,0.0011,0.0012000000000000001,1,1.8170928245150666
2025-05-15,2025-05-14,RealGraph,5,5,0.024104481875896453,0.022904481875896453,0.0001,0.0011,0.0012000000000000001,1,1.8587123941809935
2025-05-16,2025-05-15,RealGraph,5,5,0.034825473934412,0.033625473934412,0.0001,0.0011,0.0012000000000000001,1,1.921212479343095
2025-05-19,2025-05-16,RealGraph,5,5,0.0055598107725381846,0.004359810772538185,0.0001,0.0011,0.0012000000000000001,1,1.9295886022068698
2025-05-20,2025-05-19,RealGraph,5,5,0.011413278996944427,0.010213278996944427,0.0001,0.0011,0.0012000000000000001,1,1.9492960289505326
2025-05-21,2025-05-20,RealGraph,5,5,-0.0065539581030607235,-0.007753958103060723,0.0001,0.0011,0.0012000000000000001,1,1.9341812692115876
2025-05-22,2025-05-21,RealGraph,5,5,0.002232946455478668,0.001032946455478668,0.0001,0.0011,0.0012000000000000001,1,1.9361791748978727
2025-05-23,2025-05-22,RealGraph,5,5,0.0017095519453287124,0.0005095519453287122,0.0001,0.0011,0.0012000000000000001,1,1.9371657587629467
2025-05-26,2025-05-23,RealGraph,5,5,-0.0002085505723953246,-0.0014085505723953247,0.0001,0.0011,0.0012000000000000001,1,1.9344371628246166
2025-05-27,2025-05-26,RealGraph,5,5,-0.005474898174405098,-0.006674898174405098,0.0001,0.0011,0.0012000000000000001,1,1.921524991737977
2025-05-28,2025-05-27,RealGraph,5,5,0.011090117380023001,0.009890117380023001,0.0001,0.0011,0.0012000000000000001,1,1.9405290994549134
2025-05-29,2025-05-28,RealGraph,5,5,0.0029175498187541957,0.0017175498187541956,0.0001,0.0011,0.0012000000000000001,1,1.9438620548579695
2025-05-30,2025-05-29,RealGraph,5,5,-0.0006138386130332958,-0.001813838613033296,0.0001,0.0011,0.0012000000000000001,1,1.9403362028044577
2025-06-03,2025-05-30,RealGraph,5,5,-0.005108285307884217,-0.006308285307884217,0.0001,0.0011,0.0012000000000000001,1,1.9280960084439507
2025-06-04,2025-06-03,RealGraph,5,5,0.016584694892168045,0.015384694892168045,0.0001,0.0011,0.0012000000000000001,1,1.957759177256668
2025-06-05,2025-06-04,RealGraph,5,5,0.0071946045458316805,0.005994604545831681,0.0001,0.0011,0.0012000000000000001,1,1.9694951693202944
2025-06-06,2025-06-05,RealGraph,5,5,0.022970554172992708,0.021770554172992708,0.0001,0.0011,0.0012000000000000001,1,2.012372170597429
2025-06-09,2025-06-06,RealGraph,5,5,0.003827320352196693,0.002627320352196693,0.0001,0.0011,0.0012000000000000001,1,2.017659316957434
2025-06-10,2025-06-09,RealGraph,5,5,-0.0020594220757484435,-0.0032594220757484436,0.0001,0.0011,0.0012000000000000001,1,2.0110829136384036
2025-06-11,2025-06-10,RealGraph,5,5,-0.0005142266452312465,-0.0017142266452312466,0.0001,0.0011,0.0012000000000000001,1,2.0076354617220753
2025-06-12,2025-06-11,RealGraph,5,5,0.003937967479228974,0.002737967479228974,0.0001,0.0011,0.0012000000000000001,1,2.013132302326417
2025-06-13,2025-06-12,RealGraph,5,5,0.028119205713272095,0.026919205713272096,0.0001,0.0011,0.0012000000000000001,1,2.067324224900775
2025-06-16,2025-06-13,RealGraph,5,5,-0.0037590071856975563,-0.004959007185697556,0.0001,0.0011,0.0012000000000000001,1,2.0570723492143257
2025-06-17,2025-06-16,RealGraph,5,5,0.0072829358577728275,0.006082935857772828,0.0001,0.0011,0.0012000000000000001,1,2.0695853883693944
2025-06-18,2025-06-17,RealGraph,5,5,-0.0017603046298027042,-0.0029603046298027043,0.0001,0.0011,0.0012000000000000001,1,2.0634587851624326
2025-06-19,2025-06-18,RealGraph,5,5,0.0009952374100685119,-0.00020476258993148825,0.0001,0.0011,0.0012000000000000001,1,2.063036265997366
2025-06-20,2025-06-19,RealGraph,5,5,0.0009501894265413282,-0.0002498105734586719,0.0001,0.0011,0.0012000000000000001,1,2.062520897724691
2025-06-23,2025-06-20,RealGraph,5,5,0.004053886011242866,0.0028538860112428655,0.0001,0.0011,0.0012000000000000001,1,2.0684070972626034
2025-06-24,2025-06-23,RealGraph,5,5,-0.0026000567674636845,-0.0038000567674636846,0.0001,0.0011,0.0012000000000000001,1,2.060547032874781
2025-06-25,2025-06-24,RealGraph,5,5,0.007691473454236983,0.0064914734542369824,0.0001,0.0011,0.0012000000000000001,1,2.0739230192398943
2025-06-26,2025-06-25,RealGraph,5,5,0.006908212602138518,0.005708212602138519,0.0001,0.0011,0.0012000000000000001,1,2.085761412754185
2025-06-27,2025-06-26,RealGraph,5,5,-0.003993012428283692,-0.005193012428283692,0.0001,0.0011,0.0012000000000000001,1,2.0749300278153178
2025-06-30,2025-06-27,RealGraph,5,5,0.00806003126502037,0.006860031265020371,0.0001,0.0011,0.0012000000000000001,1,2.0891641126788607
2025-07-01,2025-06-30,RealGraph,5,5,0.000978047579526901,-0.00022195242047309913,0.0001,0.0011,0.0012000000000000001,1,2.0887004176472863
2025-07-02,2025-07-01,RealGraph,5,5,-0.00231205877661705,-0.00351205877661705,0.0001,0.0011,0.0012000000000000001,1,2.0813647790137644
2025-07-03,2025-07-02,RealGraph,5,5,0.0006147884726524354,-0.0005852115273475647,0.0001,0.0011,0.0012000000000000001,1,2.08014674035247
2025-07-04,2025-07-03,RealGraph,5,5,-0.00040780365467071536,-0.0016078036546707155,0.0001,0.0011,0.0012000000000000001,1,2.0768022728210798
2025-07-07,2025-07-04,RealGraph,5,5,-0.0010180530846118927,-0.002218053084611893,0.0001,0.0011,0.0012000000000000001,1,2.07219581513372
2025-07-08,2025-07-07,RealGraph,5,5,-0.016161638379096985,-0.017361638379096985,0.0001,0.0011,0.0012000000000000001,1,2.03621910074069
2025-07-09,2025-07-08,RealGraph,5,5,-0.005490548610687256,-0.006690548610687255,0.0001,0.0011,0.0012000000000000001,1,2.0225956778651746
2025-07-10,2025-07-09,RealGraph,5,5,0.0025816038548946386,0.0013816038548946385,0.0001,0.0011,0.0012000000000000001,1,2.025390103850606
2025-07-11,2025-07-10,RealGraph,5,5,-0.0028442363440990457,-0.004044236344099046,0.0001,0.0011,0.0012000000000000001,1,2.017198947581635
2025-07-14,2025-07-11,RealGraph,5,5,-0.005508144900202752,-0.006708144900202752,0.0001,0.0011,0.0012000000000000001,1,2.0036672847487207
2025-07-15,2025-07-14,RealGraph,5,5,-0.005247677132487297,-0.006447677132487298,0.0001,0.0011,0.0012000000000000001,1,1.9907482850157334
2025-07-16,2025-07-15,RealGraph,5,5,0.004844435527920723,0.003644435527920723,0.0001,0.0011,0.0012000000000000001,1,1.9980034387927923
2025-07-17,2025-07-16,RealGraph,5,5,0.0012746268957853318,7.462689578533171e-05,0.0001,0.0011,0.0012000000000000001,1,1.998152543587198
2025-07-18,2025-07-17,RealGraph,5,5,0.0024397247433662417,0.0012397247433662416,0.0001,0.0011,0.0012000000000000001,1,2.000629702736503
2025-07-21,2025-07-18,RealGraph,5,5,0.0036270837187767032,0.002427083718776703,0.0001,0.0011,0.0012000000000000001,1,2.005485398515316
2025-07-22,2025-07-21,RealGraph,5,5,0.008834771901369094,0.007634771901369094,0.0001,0.0011,0.0012000000000000001,1,2.020796822084507
2025-07-23,2025-07-22,RealGraph,5,5,0.008110969230532648,0.006910969230532648,0.0001,0.0011,0.0012000000000000001,1,2.0347624867430913
2025-07-24,2025-07-23,RealGraph,5,5,-0.0009370384365320203,-0.0021370384365320206,0.0001,0.0011,0.0012000000000000001,1,2.030414121099708
2025-07-25,2025-07-24,RealGraph,5,5,0.003736939549446106,0.002536939549446106,0.0001,0.0011,0.0012000000000000001,1,2.0355651589852797
2025-07-28,2025-07-25,RealGraph,5,5,-0.003912530139088631,-0.005112530139088632,0.0001,0.0011,0.0012000000000000001,1,2.0251582707598885
2025-07-29,2025-07-28,RealGraph,5,5,-0.005562469005584718,-0.006762469005584719,0.0001,0.0011,0.0012000000000000001,1,2.011463200722471
2025-07-30,2025-07-29,RealGraph,5,5,0.01855171144008636,0.017351711440086362,0.0001,0.0011,0.0012000000000000001,1,2.0463655297537597
2025-07-31,2025-07-30,RealGraph,5,5,-0.0015483875870704648,-0.002748387587070465,0.0001,0.0011,0.0012000000000000001,1,2.0407413241331755
2025-08-01,2025-07-31,RealGraph,5,5,0.003798519939184189,0.002598519939184189,0.0001,0.0011,0.0012000000000000001,1,2.046044231154653
2025-08-04,2025-08-01,RealGraph,5,5,0.0011793522462248808,-2.06477537751193e-05,0.0001,0.0011,0.0012000000000000001,1,2.0460019849371553
2025-08-05,2025-08-04,RealGraph,5,5,0.010574797436594964,0.009374797436594964,0.0001,0.0011,0.0012000000000000001,1,2.0651828391008125
2025-08-06,2025-08-05,RealGraph,5,5,0.001995206609368324,0.0007952066093683237,0.0001,0.0011,0.0012000000000000001,1,2.0668250861440196
2025-08-07,2025-08-06,RealGraph,5,5,0.0006840948462486264,-0.0005159051537513737,0.0001,0.0011,0.0012000000000000001,1,2.0657588004301752
2025-08-08,2025-08-07,RealGraph,5,5,-0.0028275635242462163,-0.004027563524246216,0.0001,0.0011,0.0012000000000000001,1,2.057438825635672
2025-08-11,2025-08-08,RealGraph,5,5,0.02182996416091919,0.020629964160919192,0.0001,0.0011,0.0012000000000000001,1,2.0998837148718197
2025-08-12,2025-08-11,RealGraph,5,5,-0.004216398417949676,-0.005416398417949676,0.0001,0.0011,0.0012000000000000001,1,2.0885099080407095
2025-08-13,2025-08-12,RealGraph,5,5,0.003631898164749145,0.002431898164749145,0.0001,0.0011,0.0012000000000000001,1,2.093588951453134
2025-08-14,2025-08-13,RealGraph,5,5,-0.0036043631136417386,-0.004804363113641739,0.0001,0.0011,0.0012000000000000001,1,2.083530589919645
2025-08-15,2025-08-14,RealGraph,5,5,0.0017117453515529631,0.000511745351552963,0.0001,0.0011,0.0012000000000000001,1,2.0845968270138546
2025-08-18,2025-08-15,RealGraph,5,5,-0.00642640146613121,-0.00762640146613121,0.0001,0.0011,0.0012000000000000001,1,2.0686988547160237
2025-08-19,2025-08-18,RealGraph,5,5,-0.0001131868362426758,-0.0013131868362426758,0.0001,0.0011,0.0012000000000000001,1,2.06598226661186
2025-08-20,2025-08-19,RealGraph,5,5,0.00875090754032135,0.007550907540321351,0.0001,0.0011,0.0012000000000000001,1,2.0815823076869897
2025-08-21,2025-08-20,RealGraph,5,5,-0.004337782904505731,-0.0055377829045057305,0.0001,0.0011,0.0012000000000000001,1,2.0700549567691593
2025-08-22,2025-08-21,RealGraph,5,5,0.00013597092777490601,-0.0010640290722250942,0.0001,0.0011,0.0012000000000000001,1,2.0678523581140533
2025-08-25,2025-08-22,RealGraph,5,5,0.012803345553576947,0.011603345553576947,0.0001,0.0011,0.0012000000000000001,1,2.0918463635790294
2025-08-26,2025-08-25,RealGraph,5,5,0.01329775649309158,0.012097756493091581,0.0001,0.0011,0.0012000000000000001,1,2.1171530115065673
2025-08-27,2025-08-26,RealGraph,5,5,0.010727243959903716,0.009527243959903717,0.0001,0.0011,0.0012000000000000001,1,2.137323644747635
2025-08-28,2025-08-27,RealGraph,5,5,0.0010272212116979062,-0.0001727787883020939,0.0001,0.0011,0.0012000000000000001,1,2.1369543605580863
2025-08-29,2025-08-28,RealGraph,5,5,0.009614805698394775,0.008414805698394775,0.0001,0.0011,0.0012000000000000001,1,2.1549364162885203
2025-09-01,2025-08-29,RealGraph,5,5,0.005891032822430134,0.004691032822430134,0.0001,0.0011,0.0012000000000000001,1,2.1650452937475797
2025-09-02,2025-09-01,RealGraph,5,5,-0.002709371879696846,-0.003909371879696847,0.0001,0.0011,0.0012000000000000001,1,2.1565813265579328
2025-09-03,2025-09-02,RealGraph,5,5,0.003151434078812599,0.001951434078812599,0.0001,0.0011,0.0012000000000000001,1,2.1607897528523092
2025-09-04,2025-09-03,RealGraph,5,5,0.0073563425466418265,0.006156342546641826,0.0001,0.0011,0.0012000000000000001,1,2.1740923147421416
2025-09-05,2025-09-04,RealGraph,5,5,0.005843910038471222,0.004643910038471222,0.0001,0.0011,0.0012000000000000001,1,2.1841886038671356
2025-09-08,2025-09-05,RealGraph,5,5,0.00875430779159069,0.00755430779159069,0.0001,0.0011,0.0012000000000000001,1,2.2006886368556327
2025-09-09,2025-09-08,RealGraph,5,5,-0.0012744740992784507,-0.002474474099278451,0.0001,0.0011,0.0012000000000000001,1,2.195243089823157
2025-09-10,2025-09-09,RealGraph,5,5,0.0018060967996716502,0.0006060967996716501,0.0001,0.0011,0.0012000000000000001,1,2.1965736196344
2025-09-11,2025-09-10,RealGraph,5,5,0.00020190775394439696,-0.000998092246055603,0.0001,0.0011,0.0012000000000000001,1,2.1943812365367528
2025-09-12,2025-09-11,RealGraph,5,5,0.00019178539514541556,-0.0010082146048545845,0.0001,0.0011,0.0012000000000000001,1,2.1921688293254578
2025-09-15,2025-09-12,RealGraph,5,5,0.0023139581531286236,0.0011139581531286235,0.0001,0.0011,0.0012000000000000001,1,2.194610813665919
2025-09-16,2025-09-15,RealGraph,5,5,0.0025694466680288314,0.0013694466680288313,0.0001,0.0011,0.0012000000000000001,1,2.197616216132314
2025-09-17,2025-09-16,RealGraph,5,5,-0.0018535950928926467,-0.003053595092892647,0.0001,0.0011,0.0012000000000000001,1,2.190905586038671
2025-09-18,2025-09-17,RealGraph,5,5,-0.0004719695150852199,-0.00167196951508522,0.0001,0.0011,0.0012000000000000001,1,2.187242458688384
2025-09-19,2025-09-18,RealGraph,5,5,0.0010075374096632003,-0.00019246259033679986,0.0001,0.0011,0.0012000000000000001,1,2.1868214963390904
2025-09-22,2025-09-19,RealGraph,5,5,-0.006017689168453217,-0.007217689168453218,0.0001,0.0011,0.0012000000000000001,1,2.171037698511623
2025-09-23,2025-09-22,RealGraph,5,5,0.0016598667055368423,0.00045986670553684224,0.0001,0.0011,0.0012000000000000001,1,2.1720360864656336
2025-09-24,2025-09-23,RealGraph,5,5,-0.0017400904595851895,-0.0029400904595851896,0.0001,0.0011,0.0012000000000000001,1,2.1656501038899414
2025-09-25,2025-09-24,RealGraph,5,5,0.005203365407884121,0.004003365407884121,0.0001,0.0011,0.0012000000000000001,1,2.174319992601435
2025-09-26,2025-09-25,RealGraph,5,5,0.010659479558467865,0.009459479558467866,0.0001,0.0011,0.0012000000000000001,1,2.1948879281250164
2025-09-29,2025-09-26,RealGraph,5,5,0.004505587756633759,0.003305587756633759,0.0001,0.0011,0.0012000000000000001,1,2.2021433227874097
2025-09-30,2025-09-29,RealGraph,5,5,2.3876696825027645e-05,-0.0011761233031749724,0.0001,0.0011,0.0012000000000000001,1,2.1995533307085484
2025-10-09,2025-09-30,RealGraph,5,5,0.0036949295103549953,0.002494929510354995,0.0001,0.0011,0.0012000000000000001,1,2.2050410612229325
2025-10-10,2025-10-09,RealGraph,5,5,-0.0013867035210132599,-0.00258670352101326,0.0001,0.0011,0.0012000000000000001,1,2.199337273745888
2025-10-13,2025-10-10,RealGraph,5,5,-0.022444723844528197,-0.023644723844528197,0.0001,0.0011,0.0012000000000000001,1,2.147334551267189
2025-10-14,2025-10-13,RealGraph,5,5,0.035072566509246825,0.033872566509246825,0.0001,0.0011,0.0012000000000000001,1,2.2200702836725905
2025-10-15,2025-10-14,RealGraph,5,5,0.00012910604476928724,-0.001070893955230713,0.0001,0.0011,0.0012000000000000001,1,2.217692823825618
2025-10-16,2025-10-15,RealGraph,5,5,0.0022338468432426457,0.0010338468432426456,0.0001,0.0011,0.0012000000000000001,1,2.219985578550812
2025-10-17,2025-10-16,RealGraph,5,5,0.0008382352590560911,-0.00036176474094390897,0.0001,0.0011,0.0012000000000000001,1,2.219182466043088
2025-10-20,2025-10-17,RealGraph,5,5,0.004798913478851317,0.003598913478851317,0.0001,0.0011,0.0012000000000000001,1,2.227169111732161
2025-10-21,2025-10-20,RealGraph,5,5,0.0038808742463588715,0.0026808742463588714,0.0001,0.0011,0.0012000000000000001,1,2.2331398720460895
2025-10-22,2025-10-21,RealGraph,5,5,-0.011282547622919081,-0.012482547622919081,0.0001,0.0011,0.0012000000000000001,1,2.2052645972446347
2025-10-23,2025-10-22,RealGraph,5,5,0.02422737535834312,0.023027375358343122,0.0001,0.0011,0.0012000000000000001,1,2.2560460528898525
2025-10-24,2025-10-23,RealGraph,5,5,0.017126376919448377,0.015926376919448378,0.0001,0.0011,0.0012000000000000001,1,2.29197669267581
2025-10-27,2025-10-24,RealGraph,5,5,-0.00799741145968437,-0.00919741145968437,0.0001,0.0011,0.0012000000000000001,1,2.270896439977264
2025-10-28,2025-10-27,RealGraph,5,5,0.0010601669251918795,-0.00013983307480812065,0.0001,0.0011,0.0012000000000000001,1,2.270578893545491
2025-10-29,2025-10-28,RealGraph,5,5,-0.005684920608997345,-0.006884920608997345,0.0001,0.0011,0.0012000000000000001,1,2.2549461381269653
2025-10-30,2025-10-29,RealGraph,5,5,-0.007005206108093262,-0.008205206108093261,0.0001,0.0011,0.0012000000000000001,1,2.2364438403009848
2025-10-31,2025-10-30,RealGraph,5,5,0.000825819730758667,-0.0003741802692413331,0.0001,0.0011,0.0012000000000000001,1,2.235607007142678
2025-11-03,2025-10-31,RealGraph,5,5,0.008905081570148467,0.007705081570148467,0.0001,0.0011,0.0012000000000000001,1,2.252832541491508
2025-11-04,2025-11-03,RealGraph,5,5,0.0012823602557182315,8.236025571823138e-05,0.0001,0.0011,0.0012000000000000001,1,2.2530180853557153
2025-11-05,2025-11-04,RealGraph,5,5,-0.0022613201588392263,-0.0034613201588392264,0.0001,0.0011,0.0012000000000000001,1,2.245219668438644
2025-11-06,2025-11-05,RealGraph,5,5,-0.013837327696383,-0.015037327696383,0.0001,0.0011,0.0012000000000000001,1,2.211457564533968
2025-11-07,2025-11-06,RealGraph,5,5,0.006545141279697418,0.0053451412796974174,0.0001,0.0011,0.0012000000000000001,1,2.2232781176504575
2025-11-10,2025-11-07,RealGraph,5,5,0.005719756484031677,0.004519756484031677,0.0001,0.0011,0.0012000000000000001,1,2.2333267933385135
2025-11-11,2025-11-10,RealGraph,5,5,0.008055982649326325,0.006855982649326325,0.0001,0.0011,0.0012000000000000001,1,2.248638443083918
2025-11-12,2025-11-11,RealGraph,5,5,0.0022664915025234224,0.0010664915025234223,0.0001,0.0011,0.0012000000000000001,1,2.2510365968757147
2025-11-13,2025-11-12,RealGraph,5,5,-0.01229838037490845,-0.013498380374908449,0.0001,0.0011,0.0012000000000000001,1,2.2206512486532466
2025-11-14,2025-11-13,RealGraph,5,5,-0.00011698621511459359,-0.0013169862151145937,0.0001,0.0011,0.0012000000000000001,1,2.2177266815701935
2025-11-17,2025-11-14,RealGraph,5,5,0.011639030694961547,0.010439030694961547,0.0001,0.0011,0.0012000000000000001,1,2.24087759847214
